Date,Time,"Volatility 100 Index"
"2017-03-15","08:52:50",14324.33
"2017-03-15","08:52:52",14327.99
"2017-03-15","08:52:54",14323.03
"2017-03-15","08:52:56",14320.42
"2017-03-15","08:52:58",14319.5
"2017-03-15","08:53:00",14317.54
"2017-03-15","08:53:02",14319.08
"2017-03-15","08:53:04",14327.7
"2017-03-15","08:53:06",14328.07
"2017-03-15","08:53:08",14328.95
"2017-03-15","08:53:10",14330.78
"2017-03-15","08:53:12",14328.04
"2017-03-15","08:53:14",14326.13
"2017-03-15","08:53:16",14325.36
"2017-03-15","08:53:18",14331.72
"2017-03-15","08:53:20",14338.97
"2017-03-15","08:53:22",14335.58
"2017-03-15","08:53:24",14334.46
"2017-03-15","08:53:26",14330.28
"2017-03-15","08:53:28",14337.79
"2017-03-15","08:53:30",14336.2
"2017-03-15","08:53:32",14338.9
"2017-03-15","08:53:34",14344.99
"2017-03-15","08:53:36",14342.35
"2017-03-15","08:53:38",14340.67
"2017-03-15","08:53:40",14344.3
"2017-03-15","08:53:42",14344.52
"2017-03-15","08:53:44",14344.05
"2017-03-15","08:53:46",14351.39
"2017-03-15","08:53:48",14352.34
"2017-03-15","08:53:50",14356.28
"2017-03-15","08:53:52",14350.82
"2017-03-15","08:53:54",14345.21
"2017-03-15","08:53:56",14341.5
"2017-03-15","08:53:58",14336.56
"2017-03-15","08:54:00",14339.98
"2017-03-15","08:54:02",14337.51
"2017-03-15","08:54:04",14338.14
"2017-03-15","08:54:06",14335.15
"2017-03-15","08:54:08",14336.45
"2017-03-15","08:54:10",14339.29
"2017-03-15","08:54:12",14341.04
"2017-03-15","08:54:14",14342.09
"2017-03-15","08:54:16",14342.06
"2017-03-15","08:54:18",14341.35
"2017-03-15","08:54:20",14344.42
"2017-03-15","08:54:22",14346.03
"2017-03-15","08:54:24",14345.18
"2017-03-15","08:54:26",14342.17
"2017-03-15","08:54:28",14339.89
"2017-03-15","08:54:30",14338.32
"2017-03-15","08:54:32",14337.05
"2017-03-15","08:54:34",14340.65
"2017-03-15","08:54:36",14340.11
"2017-03-15","08:54:38",14343.66
"2017-03-15","08:54:40",14344.36
"2017-03-15","08:54:42",14343.54
"2017-03-15","08:54:44",14341.71
"2017-03-15","08:54:46",14347.23
"2017-03-15","08:54:48",14347.02
"2017-03-15","08:54:50",14343.19
"2017-03-15","08:54:52",14347.75
"2017-03-15","08:54:54",14346.71
"2017-03-15","08:54:56",14344.01
"2017-03-15","08:54:58",14344.35
"2017-03-15","08:55:00",14347.45
"2017-03-15","08:55:02",14348.12
"2017-03-15","08:55:04",14343.58
"2017-03-15","08:55:06",14348.89
"2017-03-15","08:55:08",14345.02
"2017-03-15","08:55:10",14338.57
"2017-03-15","08:55:12",14347.2
"2017-03-15","08:55:14",14342.41
"2017-03-15","08:55:16",14339.27
"2017-03-15","08:55:18",14336.13
"2017-03-15","08:55:20",14333.73
"2017-03-15","08:55:22",14332.74
"2017-03-15","08:55:24",14326.51
"2017-03-15","08:55:26",14324.62
"2017-03-15","08:55:28",14319.55
"2017-03-15","08:55:30",14319.95
"2017-03-15","08:55:32",14319.43
"2017-03-15","08:55:34",14313.36
"2017-03-15","08:55:36",14313.57
"2017-03-15","08:55:38",14310.4
"2017-03-15","08:55:40",14314.08
"2017-03-15","08:55:42",14310.75
"2017-03-15","08:55:44",14307.93
"2017-03-15","08:55:46",14312.18
"2017-03-15","08:55:48",14316.11
"2017-03-15","08:55:50",14317.54
"2017-03-15","08:55:52",14316.74
"2017-03-15","08:55:54",14318.31
"2017-03-15","08:55:56",14317.92
"2017-03-15","08:55:58",14316.63
"2017-03-15","08:56:00",14313.57
"2017-03-15","08:56:02",14308.41
"2017-03-15","08:56:04",14313.05
"2017-03-15","08:56:06",14316.29
"2017-03-15","08:56:08",14312.99
"2017-03-15","08:56:10",14308.31
"2017-03-15","08:56:12",14303.22
"2017-03-15","08:56:14",14302.25
"2017-03-15","08:56:16",14306.81
"2017-03-15","08:56:18",14302.89
"2017-03-15","08:56:20",14304.64
"2017-03-15","08:56:22",14312.56
"2017-03-15","08:56:24",14312
"2017-03-15","08:56:26",14314.87
"2017-03-15","08:56:28",14313.92
"2017-03-15","08:56:30",14312.84
"2017-03-15","08:56:32",14315.9
"2017-03-15","08:56:34",14307.66
"2017-03-15","08:56:36",14307.6
"2017-03-15","08:56:38",14306.14
"2017-03-15","08:56:40",14309.62
"2017-03-15","08:56:42",14306.58
"2017-03-15","08:56:44",14311.93
"2017-03-15","08:56:46",14315.98
"2017-03-15","08:56:48",14315.2
"2017-03-15","08:56:50",14316.59
"2017-03-15","08:56:52",14317.06
"2017-03-15","08:56:54",14313.36
"2017-03-15","08:56:56",14312.18
"2017-03-15","08:56:58",14315.19
"2017-03-15","08:57:00",14313.35
"2017-03-15","08:57:02",14314.97
"2017-03-15","08:57:04",14311.43
"2017-03-15","08:57:06",14306.6
"2017-03-15","08:57:08",14299.19
"2017-03-15","08:57:10",14297.72
"2017-03-15","08:57:12",14297.63
"2017-03-15","08:57:14",14295.62
"2017-03-15","08:57:16",14298.4
"2017-03-15","08:57:18",14296.77
"2017-03-15","08:57:20",14301.41
"2017-03-15","08:57:22",14303.32
"2017-03-15","08:57:24",14296.56
"2017-03-15","08:57:26",14298.05
"2017-03-15","08:57:28",14293.89
"2017-03-15","08:57:30",14294.71
"2017-03-15","08:57:32",14303.7
"2017-03-15","08:57:34",14299.45
"2017-03-15","08:57:36",14299.97
"2017-03-15","08:57:38",14310.92
"2017-03-15","08:57:40",14304.3
"2017-03-15","08:57:42",14303.78
"2017-03-15","08:57:44",14298.18
"2017-03-15","08:57:46",14297.01
"2017-03-15","08:57:48",14292.4
"2017-03-15","08:57:50",14292
"2017-03-15","08:57:52",14288.7
"2017-03-15","08:57:54",14284.38
"2017-03-15","08:57:56",14286.05
"2017-03-15","08:57:58",14286.51
"2017-03-15","08:58:00",14283.51
"2017-03-15","08:58:02",14286.97
"2017-03-15","08:58:04",14285.65
"2017-03-15","08:58:06",14290.74
"2017-03-15","08:58:08",14283.7
"2017-03-15","08:58:10",14285.75
"2017-03-15","08:58:12",14282.89
"2017-03-15","08:58:14",14280.33
"2017-03-15","08:58:16",14286.12
"2017-03-15","08:58:18",14286
"2017-03-15","08:58:20",14283.31
"2017-03-15","08:58:22",14278.9
"2017-03-15","08:58:24",14276.64
"2017-03-15","08:58:26",14276.28
"2017-03-15","08:58:28",14279.19
"2017-03-15","08:58:30",14281.1
"2017-03-15","08:58:32",14279.35
"2017-03-15","08:58:34",14273.94
"2017-03-15","08:58:36",14277.08
"2017-03-15","08:58:38",14275.34
"2017-03-15","08:58:40",14276.73
"2017-03-15","08:58:42",14277.49
"2017-03-15","08:58:44",14278.65
"2017-03-15","08:58:46",14280.9
"2017-03-15","08:58:48",14278.86
"2017-03-15","08:58:50",14281.88
"2017-03-15","08:58:52",14275.96
"2017-03-15","08:58:54",14277.52
"2017-03-15","08:58:56",14277.02
"2017-03-15","08:58:58",14282
"2017-03-15","08:59:00",14290.08
"2017-03-15","08:59:02",14294.8
"2017-03-15","08:59:04",14292.25
"2017-03-15","08:59:06",14292.38
"2017-03-15","08:59:08",14288.85
"2017-03-15","08:59:10",14282.97
"2017-03-15","08:59:12",14283.03
"2017-03-15","08:59:14",14278.66
"2017-03-15","08:59:16",14275.86
"2017-03-15","08:59:18",14274.65
"2017-03-15","08:59:20",14271.92
"2017-03-15","08:59:22",14278.15
"2017-03-15","08:59:24",14276.48
"2017-03-15","08:59:26",14276.84
"2017-03-15","08:59:28",14279.07
"2017-03-15","08:59:30",14280.61
"2017-03-15","08:59:32",14273.17
"2017-03-15","08:59:34",14272.16
"2017-03-15","08:59:36",14270.13
"2017-03-15","08:59:38",14267.47
"2017-03-15","08:59:40",14269.99
"2017-03-15","08:59:42",14274.27
"2017-03-15","08:59:44",14280.05
"2017-03-15","08:59:46",14281.77
"2017-03-15","08:59:48",14278.83
"2017-03-15","08:59:50",14283.82
"2017-03-15","08:59:52",14285.21
"2017-03-15","08:59:54",14281.85
"2017-03-15","08:59:56",14278
"2017-03-15","08:59:58",14278.9
"2017-03-15","09:00:00",14281.48
"2017-03-15","09:00:02",14282.87
"2017-03-15","09:00:04",14283.12
"2017-03-15","09:00:06",14271.93
"2017-03-15","09:00:08",14264.71
"2017-03-15","09:00:10",14263.11
"2017-03-15","09:00:12",14267.1
"2017-03-15","09:00:14",14264.57
"2017-03-15","09:00:16",14267.63
"2017-03-15","09:00:18",14273.7
"2017-03-15","09:00:20",14274.77
"2017-03-15","09:00:22",14276.35
"2017-03-15","09:00:24",14273.65
"2017-03-15","09:00:26",14276.09
"2017-03-15","09:00:28",14278.58
"2017-03-15","09:00:30",14274.94
"2017-03-15","09:00:32",14274.08
"2017-03-15","09:00:34",14278.89
"2017-03-15","09:00:36",14281.57
"2017-03-15","09:00:38",14279.1
"2017-03-15","09:00:40",14281.68
"2017-03-15","09:00:42",14284.95
"2017-03-15","09:00:44",14288.37
"2017-03-15","09:00:46",14294.65
"2017-03-15","09:00:48",14292.63
"2017-03-15","09:00:50",14293.11
"2017-03-15","09:00:52",14289.71
"2017-03-15","09:00:54",14292.77
"2017-03-15","09:00:56",14288.58
"2017-03-15","09:00:58",14290.53
"2017-03-15","09:01:00",14288.77
"2017-03-15","09:01:02",14286.52
"2017-03-15","09:01:04",14288.55
"2017-03-15","09:01:06",14286.1
"2017-03-15","09:01:08",14288.81
"2017-03-15","09:01:10",14294.84
"2017-03-15","09:01:12",14299.46
"2017-03-15","09:01:14",14300.49
"2017-03-15","09:01:16",14302.82
"2017-03-15","09:01:18",14304.96
"2017-03-15","09:01:20",14304.11
"2017-03-15","09:01:22",14303.73
"2017-03-15","09:01:24",14307.1
"2017-03-15","09:01:26",14305.59
"2017-03-15","09:01:28",14307.81
"2017-03-15","09:01:30",14307.83
"2017-03-15","09:01:32",14306.41
"2017-03-15","09:01:34",14309.97
"2017-03-15","09:01:36",14310.55
"2017-03-15","09:01:38",14311.26
"2017-03-15","09:01:40",14308.73
"2017-03-15","09:01:42",14312.6
"2017-03-15","09:01:44",14314.54
"2017-03-15","09:01:46",14316.77
"2017-03-15","09:01:48",14314.81
"2017-03-15","09:01:50",14312.84
"2017-03-15","09:01:52",14308
"2017-03-15","09:01:54",14304.74
"2017-03-15","09:01:56",14301.74
"2017-03-15","09:01:58",14302.9
"2017-03-15","09:02:00",14303.72
"2017-03-15","09:02:02",14310.05
"2017-03-15","09:02:04",14310.15
"2017-03-15","09:02:06",14303.76
"2017-03-15","09:02:08",14302.12
"2017-03-15","09:02:10",14301.24
"2017-03-15","09:02:12",14300.28
"2017-03-15","09:02:14",14295.54
"2017-03-15","09:02:16",14298.55
"2017-03-15","09:02:18",14298.21
"2017-03-15","09:02:20",14295.37
"2017-03-15","09:02:22",14296.07
"2017-03-15","09:02:24",14301.78
"2017-03-15","09:02:26",14303.58
"2017-03-15","09:02:28",14303.08
"2017-03-15","09:02:30",14305.79
"2017-03-15","09:02:32",14309.26
"2017-03-15","09:02:34",14306.34
"2017-03-15","09:02:36",14310.46
"2017-03-15","09:02:38",14307.95
"2017-03-15","09:02:40",14307.01
"2017-03-15","09:02:42",14307.88
"2017-03-15","09:02:44",14309.68
"2017-03-15","09:02:46",14311.11
"2017-03-15","09:02:48",14309.67
"2017-03-15","09:02:50",14311.71
"2017-03-15","09:02:52",14309.32
"2017-03-15","09:02:54",14311.58
"2017-03-15","09:02:56",14305.8
"2017-03-15","09:02:58",14307.66
"2017-03-15","09:03:00",14306.14
"2017-03-15","09:03:02",14307.11
"2017-03-15","09:03:04",14313.19
"2017-03-15","09:03:06",14315.25
"2017-03-15","09:03:08",14321.41
"2017-03-15","09:03:10",14320.84
"2017-03-15","09:03:12",14321.64
"2017-03-15","09:03:14",14327.04
"2017-03-15","09:03:16",14326.86
"2017-03-15","09:03:18",14321.46
"2017-03-15","09:03:20",14319.93
"2017-03-15","09:03:22",14327.32
"2017-03-15","09:03:24",14330.36
"2017-03-15","09:03:26",14333.46
"2017-03-15","09:03:28",14330.55
"2017-03-15","09:03:30",14330.71
"2017-03-15","09:03:32",14327.1
"2017-03-15","09:03:34",14327.7
"2017-03-15","09:03:36",14323.99
"2017-03-15","09:03:38",14320.98
"2017-03-15","09:03:40",14319.33
"2017-03-15","09:03:42",14320.68
"2017-03-15","09:03:44",14322.15
"2017-03-15","09:03:46",14325.29
"2017-03-15","09:03:48",14330.78
"2017-03-15","09:03:50",14330.65
"2017-03-15","09:03:52",14332.64
"2017-03-15","09:03:54",14329.65
"2017-03-15","09:03:56",14332.61
"2017-03-15","09:03:58",14326.88
"2017-03-15","09:04:00",14325.77
"2017-03-15","09:04:02",14322.83
"2017-03-15","09:04:04",14321.17
"2017-03-15","09:04:06",14316.53
"2017-03-15","09:04:08",14315.58
"2017-03-15","09:04:10",14314.96
"2017-03-15","09:04:12",14312.78
"2017-03-15","09:04:14",14314
"2017-03-15","09:04:16",14312.33
"2017-03-15","09:04:18",14313.1
"2017-03-15","09:04:20",14308.79
"2017-03-15","09:04:22",14312.79
"2017-03-15","09:04:24",14314.25
"2017-03-15","09:04:26",14313.18
"2017-03-15","09:04:28",14308.41
"2017-03-15","09:04:30",14300.17
"2017-03-15","09:04:32",14296.52
"2017-03-15","09:04:34",14295.78
"2017-03-15","09:04:36",14291.69
"2017-03-15","09:04:38",14287.49
"2017-03-15","09:04:40",14293.6
"2017-03-15","09:04:42",14291.42
"2017-03-15","09:04:44",14288.2
"2017-03-15","09:04:46",14294.32
"2017-03-15","09:04:48",14291.51
"2017-03-15","09:04:50",14295.09
"2017-03-15","09:04:52",14297.29
"2017-03-15","09:04:54",14295.9
"2017-03-15","09:04:56",14294.87
"2017-03-15","09:04:58",14292.92
"2017-03-15","09:05:00",14296.87
"2017-03-15","09:05:02",14296.31
"2017-03-15","09:05:04",14302.89
"2017-03-15","09:05:06",14301.86
"2017-03-15","09:05:08",14306.18
"2017-03-15","09:05:10",14309.1
"2017-03-15","09:05:12",14309
"2017-03-15","09:05:14",14309.51
"2017-03-15","09:05:16",14307.51
"2017-03-15","09:05:18",14305.06
"2017-03-15","09:05:20",14298.41
"2017-03-15","09:05:22",14296.48
"2017-03-15","09:05:24",14293.7
"2017-03-15","09:05:26",14296.92
"2017-03-15","09:05:28",14295.68
"2017-03-15","09:05:30",14295.88
"2017-03-15","09:05:32",14297.29
"2017-03-15","09:05:34",14295.41
"2017-03-15","09:05:36",14296.01
"2017-03-15","09:05:38",14294.66
"2017-03-15","09:05:40",14294.03
"2017-03-15","09:05:42",14295.05
"2017-03-15","09:05:44",14297.28
"2017-03-15","09:05:46",14301.86
"2017-03-15","09:05:48",14294.11
"2017-03-15","09:05:50",14295.83
"2017-03-15","09:05:52",14304.22
"2017-03-15","09:05:54",14305.2
"2017-03-15","09:05:56",14313.49
"2017-03-15","09:05:58",14305.68
"2017-03-15","09:06:00",14307.5
"2017-03-15","09:06:02",14301.94
"2017-03-15","09:06:04",14296.58
"2017-03-15","09:06:06",14296.75
"2017-03-15","09:06:08",14303.18
"2017-03-15","09:06:10",14304.26
"2017-03-15","09:06:12",14308.85
"2017-03-15","09:06:14",14309.83
"2017-03-15","09:06:16",14310.62
"2017-03-15","09:06:18",14310.32
"2017-03-15","09:06:20",14316.3
"2017-03-15","09:06:22",14305.42
"2017-03-15","09:06:24",14306.45
"2017-03-15","09:06:26",14309.42
"2017-03-15","09:06:28",14319.6
"2017-03-15","09:06:30",14320.25
"2017-03-15","09:06:32",14324.15
"2017-03-15","09:06:34",14331.97
"2017-03-15","09:06:36",14328.59
"2017-03-15","09:06:38",14332.89
"2017-03-15","09:06:40",14338.33
"2017-03-15","09:06:42",14332.52
"2017-03-15","09:06:44",14330.55
"2017-03-15","09:06:46",14330.06
"2017-03-15","09:06:48",14320.88
"2017-03-15","09:06:50",14317.31
"2017-03-15","09:06:52",14316.47
"2017-03-15","09:06:54",14321.81
"2017-03-15","09:06:56",14313.6
"2017-03-15","09:06:58",14310.08
"2017-03-15","09:07:00",14311.07
"2017-03-15","09:07:02",14312.57
"2017-03-15","09:07:04",14317.45
"2017-03-15","09:07:06",14320.93
"2017-03-15","09:07:08",14319.35
"2017-03-15","09:07:10",14316.22
"2017-03-15","09:07:12",14312.17
"2017-03-15","09:07:14",14313.57
"2017-03-15","09:07:16",14307.35
"2017-03-15","09:07:18",14306.43
"2017-03-15","09:07:20",14307.41
"2017-03-15","09:07:22",14305.25
"2017-03-15","09:07:24",14304.94
"2017-03-15","09:07:26",14304.24
"2017-03-15","09:07:28",14303.76
"2017-03-15","09:07:30",14308.77
"2017-03-15","09:07:32",14308.87
"2017-03-15","09:07:34",14305.43
"2017-03-15","09:07:36",14306.47
"2017-03-15","09:07:38",14303.13
"2017-03-15","09:07:40",14308.33
"2017-03-15","09:07:42",14305.89
"2017-03-15","09:07:44",14309.5
"2017-03-15","09:07:46",14305.25
"2017-03-15","09:07:48",14304.63
"2017-03-15","09:07:50",14301.97
"2017-03-15","09:07:52",14296.34
"2017-03-15","09:07:54",14293.35
"2017-03-15","09:07:56",14296.37
"2017-03-15","09:07:58",14300.19
"2017-03-15","09:08:00",14301.51
"2017-03-15","09:08:02",14305.17
"2017-03-15","09:08:04",14308.61
"2017-03-15","09:08:06",14307.41
"2017-03-15","09:08:08",14307.58
"2017-03-15","09:08:10",14306.36
"2017-03-15","09:08:12",14302.5
"2017-03-15","09:08:14",14303.97
"2017-03-15","09:08:16",14304.55
"2017-03-15","09:08:18",14304.48
"2017-03-15","09:08:20",14305.21
"2017-03-15","09:08:22",14309.39
"2017-03-15","09:08:24",14315.9
"2017-03-15","09:08:26",14317.36
"2017-03-15","09:08:28",14318.7
"2017-03-15","09:08:30",14317.61
"2017-03-15","09:08:32",14321.43
"2017-03-15","09:08:34",14326.43
"2017-03-15","09:08:36",14322.07
"2017-03-15","09:08:38",14322.45
"2017-03-15","09:08:40",14326.21
"2017-03-15","09:08:42",14320.38
"2017-03-15","09:08:44",14317.64
"2017-03-15","09:08:46",14312.52
"2017-03-15","09:08:48",14312.38
"2017-03-15","09:08:50",14318.88
"2017-03-15","09:08:52",14316.94
"2017-03-15","09:08:54",14319.18
"2017-03-15","09:08:56",14319.11
"2017-03-15","09:08:58",14321.28
"2017-03-15","09:09:00",14319.05
"2017-03-15","09:09:02",14322.07
"2017-03-15","09:09:04",14316.66
"2017-03-15","09:09:06",14314.21
"2017-03-15","09:09:08",14313.51
"2017-03-15","09:09:10",14311.08
"2017-03-15","09:09:12",14314.69
"2017-03-15","09:09:14",14311.7
"2017-03-15","09:09:16",14314.98
"2017-03-15","09:09:18",14314.63
"2017-03-15","09:09:20",14316.18
"2017-03-15","09:09:22",14306.74
"2017-03-15","09:09:24",14305.51
"2017-03-15","09:09:26",14302.49
"2017-03-15","09:09:28",14303.19
"2017-03-15","09:09:30",14304.92
"2017-03-15","09:09:32",14306.5
"2017-03-15","09:09:34",14313.7
"2017-03-15","09:09:36",14315.52
"2017-03-15","09:09:38",14314.97
"2017-03-15","09:09:40",14314.17
"2017-03-15","09:09:42",14313.19
"2017-03-15","09:09:44",14313.72
"2017-03-15","09:09:46",14320.46
"2017-03-15","09:09:48",14324.03
"2017-03-15","09:09:50",14327.26
"2017-03-15","09:09:52",14320.29
"2017-03-15","09:09:54",14324.44
"2017-03-15","09:09:56",14324.63
"2017-03-15","09:09:58",14326.66
"2017-03-15","09:10:00",14328.03
"2017-03-15","09:10:02",14325.87
"2017-03-15","09:10:04",14326.53
"2017-03-15","09:10:06",14328.73
"2017-03-15","09:10:08",14318.07
"2017-03-15","09:10:10",14316.57
"2017-03-15","09:10:12",14310.63
"2017-03-15","09:10:14",14308.66
"2017-03-15","09:10:16",14310.83
"2017-03-15","09:10:18",14312.04
"2017-03-15","09:10:20",14305.46
"2017-03-15","09:10:22",14306.18
"2017-03-15","09:10:24",14303.23
"2017-03-15","09:10:26",14294.39
"2017-03-15","09:10:28",14303.86
"2017-03-15","09:10:30",14301.03
"2017-03-15","09:10:32",14306.48
"2017-03-15","09:10:34",14305.92
"2017-03-15","09:10:36",14310.96
"2017-03-15","09:10:38",14311.33
"2017-03-15","09:10:40",14316.39
"2017-03-15","09:10:42",14320.61
"2017-03-15","09:10:44",14320.71
"2017-03-15","09:10:46",14325.51
"2017-03-15","09:10:48",14323
"2017-03-15","09:10:50",14322.59
"2017-03-15","09:10:52",14317.62
"2017-03-15","09:10:54",14318.86
"2017-03-15","09:10:56",14319.09
"2017-03-15","09:10:58",14318.67
"2017-03-15","09:11:00",14317.48
"2017-03-15","09:11:02",14315.14
"2017-03-15","09:11:04",14309.68
"2017-03-15","09:11:06",14308.19
"2017-03-15","09:11:08",14311.59
"2017-03-15","09:11:10",14311.5
"2017-03-15","09:11:12",14313.45
"2017-03-15","09:11:14",14317.14
"2017-03-15","09:11:16",14315.01
"2017-03-15","09:11:18",14314.43
"2017-03-15","09:11:20",14311.6
"2017-03-15","09:11:22",14324.17
"2017-03-15","09:11:24",14329.63
"2017-03-15","09:11:26",14332.49
"2017-03-15","09:11:28",14330.41
"2017-03-15","09:11:30",14330.37
"2017-03-15","09:11:32",14333.38
"2017-03-15","09:11:34",14332.4
"2017-03-15","09:11:36",14331.53
"2017-03-15","09:11:38",14326.94
"2017-03-15","09:11:40",14328.78
"2017-03-15","09:11:42",14335.86
"2017-03-15","09:11:44",14338.44
"2017-03-15","09:11:46",14331.01
"2017-03-15","09:11:48",14327.11
"2017-03-15","09:11:50",14326.52
"2017-03-15","09:11:52",14326.69
"2017-03-15","09:11:54",14327.1
"2017-03-15","09:11:56",14326.27
"2017-03-15","09:11:58",14332.62
"2017-03-15","09:12:00",14341.56
"2017-03-15","09:12:02",14344.46
"2017-03-15","09:12:04",14350.3
"2017-03-15","09:12:06",14352.88
"2017-03-15","09:12:08",14352.12
"2017-03-15","09:12:10",14351.13
"2017-03-15","09:12:12",14349.69
"2017-03-15","09:12:14",14347.37
"2017-03-15","09:12:16",14347.84
"2017-03-15","09:12:18",14346.57
"2017-03-15","09:12:20",14349.22
"2017-03-15","09:12:22",14346.35
"2017-03-15","09:12:24",14351.71
"2017-03-15","09:12:26",14351.69
"2017-03-15","09:12:28",14355.34
"2017-03-15","09:12:30",14352.12
"2017-03-15","09:12:32",14358.74
"2017-03-15","09:12:34",14358.8
"2017-03-15","09:12:36",14356.8
"2017-03-15","09:12:38",14353.33
"2017-03-15","09:12:40",14354.16
"2017-03-15","09:12:42",14359.52
"2017-03-15","09:12:44",14355.28
"2017-03-15","09:12:46",14362.52
"2017-03-15","09:12:48",14358.36
"2017-03-15","09:12:50",14357.57
"2017-03-15","09:12:52",14353.98
"2017-03-15","09:12:54",14351.36
"2017-03-15","09:12:56",14353.51
"2017-03-15","09:12:58",14355.43
"2017-03-15","09:13:00",14363.46
"2017-03-15","09:13:02",14361.12
"2017-03-15","09:13:04",14353.23
"2017-03-15","09:13:06",14354.11
"2017-03-15","09:13:08",14351.78
"2017-03-15","09:13:10",14351
"2017-03-15","09:13:12",14355.49
"2017-03-15","09:13:14",14357.97
"2017-03-15","09:13:16",14357.82
"2017-03-15","09:13:18",14358.39
"2017-03-15","09:13:20",14351.82
"2017-03-15","09:13:22",14351.23
"2017-03-15","09:13:24",14349.33
"2017-03-15","09:13:26",14351.82
"2017-03-15","09:13:28",14346.1
"2017-03-15","09:13:30",14345.99
"2017-03-15","09:13:32",14340.83
"2017-03-15","09:13:34",14339.36
"2017-03-15","09:13:36",14333.67
"2017-03-15","09:13:38",14335.46
"2017-03-15","09:13:40",14337
"2017-03-15","09:13:42",14342.39
"2017-03-15","09:13:44",14344.99
"2017-03-15","09:13:46",14348.21
"2017-03-15","09:13:48",14352.61
"2017-03-15","09:13:50",14350.68
"2017-03-15","09:13:52",14352.65
"2017-03-15","09:13:54",14352.84
"2017-03-15","09:13:56",14351.7
"2017-03-15","09:13:58",14343.9
"2017-03-15","09:14:00",14343.57
"2017-03-15","09:14:02",14344.36
"2017-03-15","09:14:04",14343.38
"2017-03-15","09:14:06",14346.9
"2017-03-15","09:14:08",14343.83
"2017-03-15","09:14:10",14333.63
"2017-03-15","09:14:12",14332.66
"2017-03-15","09:14:14",14336.6
"2017-03-15","09:14:16",14332.18
"2017-03-15","09:14:18",14328.11
"2017-03-15","09:14:20",14329.71
"2017-03-15","09:14:22",14325.94
"2017-03-15","09:14:24",14325.35
"2017-03-15","09:14:26",14327.3
"2017-03-15","09:14:28",14330.78
"2017-03-15","09:14:30",14329.29
"2017-03-15","09:14:32",14328.2
"2017-03-15","09:14:34",14330.76
"2017-03-15","09:14:36",14334.66
"2017-03-15","09:14:38",14333.53
"2017-03-15","09:14:40",14337.13
"2017-03-15","09:14:42",14336.53
"2017-03-15","09:14:44",14334.76
"2017-03-15","09:14:46",14332.87
"2017-03-15","09:14:48",14341.82
"2017-03-15","09:14:50",14344.79
"2017-03-15","09:14:52",14346.84
"2017-03-15","09:14:54",14350.72
"2017-03-15","09:14:56",14343.57
"2017-03-15","09:14:58",14343.77
"2017-03-15","09:15:00",14336.11
"2017-03-15","09:15:02",14332.96
"2017-03-15","09:15:04",14332.63
"2017-03-15","09:15:06",14327.86
"2017-03-15","09:15:08",14324.91
"2017-03-15","09:15:10",14322.48
"2017-03-15","09:15:12",14320.89
"2017-03-15","09:15:14",14325.49
"2017-03-15","09:15:16",14319.43
"2017-03-15","09:15:18",14316.59
"2017-03-15","09:15:20",14317.88
"2017-03-15","09:15:22",14319
"2017-03-15","09:15:24",14321.48
"2017-03-15","09:15:26",14321.56
"2017-03-15","09:15:28",14315.98
"2017-03-15","09:15:30",14314.72
"2017-03-15","09:15:32",14317.66
"2017-03-15","09:15:34",14316.99
"2017-03-15","09:15:36",14314.4
"2017-03-15","09:15:38",14311.4
"2017-03-15","09:15:40",14311.66
"2017-03-15","09:15:42",14315.9
"2017-03-15","09:15:44",14314.24
"2017-03-15","09:15:46",14314.57
"2017-03-15","09:15:48",14311.42
"2017-03-15","09:15:50",14308.37
"2017-03-15","09:15:52",14305.17
"2017-03-15","09:15:54",14306.73
"2017-03-15","09:15:56",14311.34
"2017-03-15","09:15:58",14308.08
"2017-03-15","09:16:00",14309.99
"2017-03-15","09:16:02",14307.54
"2017-03-15","09:16:04",14313.66
"2017-03-15","09:16:06",14316.1
"2017-03-15","09:16:08",14323.41
"2017-03-15","09:16:10",14329.66
"2017-03-15","09:16:12",14332.58
"2017-03-15","09:16:14",14337.56
"2017-03-15","09:16:16",14338.92
"2017-03-15","09:16:18",14338.3
"2017-03-15","09:16:20",14338.66
"2017-03-15","09:16:22",14340.26
"2017-03-15","09:16:24",14343.31
"2017-03-15","09:16:26",14342.84
"2017-03-15","09:16:28",14342.17
"2017-03-15","09:16:30",14342.84
"2017-03-15","09:16:32",14338.42
"2017-03-15","09:16:34",14338.78
"2017-03-15","09:16:36",14333.55
"2017-03-15","09:16:38",14333.49
"2017-03-15","09:16:40",14332.71
"2017-03-15","09:16:42",14332.49
"2017-03-15","09:16:44",14334.72
"2017-03-15","09:16:46",14335.03
"2017-03-15","09:16:48",14333.77
"2017-03-15","09:16:50",14337.08
"2017-03-15","09:16:52",14340.17
"2017-03-15","09:16:54",14342.03
"2017-03-15","09:16:56",14343.6
"2017-03-15","09:16:58",14337.92
"2017-03-15","09:17:00",14344.01
"2017-03-15","09:17:02",14339.51
"2017-03-15","09:17:04",14336.49
"2017-03-15","09:17:06",14333.14
"2017-03-15","09:17:08",14330.29
"2017-03-15","09:17:10",14331.63
"2017-03-15","09:17:12",14328.95
"2017-03-15","09:17:14",14328.29
"2017-03-15","09:17:16",14326.84
"2017-03-15","09:17:18",14328.33
"2017-03-15","09:17:20",14333.67
"2017-03-15","09:17:22",14334.98
"2017-03-15","09:17:24",14334.16
"2017-03-15","09:17:26",14334.01
"2017-03-15","09:17:28",14330.28
"2017-03-15","09:17:30",14328.27
"2017-03-15","09:17:32",14324.56
"2017-03-15","09:17:34",14323.09
"2017-03-15","09:17:36",14329.28
"2017-03-15","09:17:38",14328.91
"2017-03-15","09:17:40",14333.92
"2017-03-15","09:17:42",14331.48
"2017-03-15","09:17:44",14332.98
"2017-03-15","09:17:46",14328.88
"2017-03-15","09:17:48",14327.06
"2017-03-15","09:17:50",14328.78
"2017-03-15","09:17:52",14329.38
"2017-03-15","09:17:54",14326.17
"2017-03-15","09:17:56",14327.96
"2017-03-15","09:17:58",14326.11
"2017-03-15","09:18:00",14329.17
"2017-03-15","09:18:02",14333.66
"2017-03-15","09:18:04",14327.72
"2017-03-15","09:18:06",14329.8
"2017-03-15","09:18:08",14333.6
"2017-03-15","09:18:10",14335.07
"2017-03-15","09:18:12",14328.77
"2017-03-15","09:18:14",14328.68
"2017-03-15","09:18:16",14333.65
"2017-03-15","09:18:18",14338.22
"2017-03-15","09:18:20",14338.43
"2017-03-15","09:18:22",14345.08
"2017-03-15","09:18:24",14342.67
"2017-03-15","09:18:26",14338.32
"2017-03-15","09:18:28",14334.48
"2017-03-15","09:18:30",14327.76
"2017-03-15","09:18:32",14320.43
"2017-03-15","09:18:34",14324.13
"2017-03-15","09:18:36",14319.86
"2017-03-15","09:18:38",14319.55
"2017-03-15","09:18:40",14321.53
"2017-03-15","09:18:42",14327.15
"2017-03-15","09:18:44",14326.2
"2017-03-15","09:18:46",14328.81
"2017-03-15","09:18:48",14331.51
"2017-03-15","09:18:50",14328.26
"2017-03-15","09:18:52",14328.76
"2017-03-15","09:18:54",14331.09
"2017-03-15","09:18:56",14327.41
"2017-03-15","09:18:58",14336.78
"2017-03-15","09:19:00",14335.79
"2017-03-15","09:19:02",14338.05
"2017-03-15","09:19:04",14339.62
"2017-03-15","09:19:06",14342.15
"2017-03-15","09:19:08",14342.08
"2017-03-15","09:19:10",14340.88
"2017-03-15","09:19:12",14340.8
"2017-03-15","09:19:14",14343.45
"2017-03-15","09:19:16",14340.21
"2017-03-15","09:19:18",14339.11
"2017-03-15","09:19:20",14340.48
"2017-03-15","09:19:22",14342.66
"2017-03-15","09:19:24",14346.88
"2017-03-15","09:19:26",14347.12
"2017-03-15","09:19:28",14345.22
"2017-03-15","09:19:30",14349.45
"2017-03-15","09:19:32",14352.68
"2017-03-15","09:19:34",14356.46
"2017-03-15","09:19:36",14362.45
"2017-03-15","09:19:38",14367.08
"2017-03-15","09:19:40",14373.82
"2017-03-15","09:19:42",14367.32
"2017-03-15","09:19:44",14364.82
"2017-03-15","09:19:46",14361.05
"2017-03-15","09:19:48",14362.89
"2017-03-15","09:19:50",14361.57
"2017-03-15","09:19:52",14365.3
"2017-03-15","09:19:54",14363.04
"2017-03-15","09:19:56",14359.38
"2017-03-15","09:19:58",14354.34
"2017-03-15","09:20:00",14357.76
"2017-03-15","09:20:02",14356.46
"2017-03-15","09:20:04",14359.22
"2017-03-15","09:20:06",14360.51
"2017-03-15","09:20:08",14353.69
"2017-03-15","09:20:10",14353.47
"2017-03-15","09:20:12",14354.74
"2017-03-15","09:20:14",14351.27
"2017-03-15","09:20:16",14351.67
"2017-03-15","09:20:18",14347.03
"2017-03-15","09:20:20",14339
"2017-03-15","09:20:22",14340.46
"2017-03-15","09:20:24",14341.54
"2017-03-15","09:20:26",14341.91
"2017-03-15","09:20:28",14345.94
"2017-03-15","09:20:30",14344.55
"2017-03-15","09:20:32",14345.94
"2017-03-15","09:20:34",14347.38
"2017-03-15","09:20:36",14349.71
"2017-03-15","09:20:38",14352.57
"2017-03-15","09:20:40",14350.82
"2017-03-15","09:20:42",14349.09
"2017-03-15","09:20:44",14350.2
"2017-03-15","09:20:46",14362.13
"2017-03-15","09:20:48",14356.98
"2017-03-15","09:20:50",14363.52
"2017-03-15","09:20:52",14366.54
"2017-03-15","09:20:54",14364.95
"2017-03-15","09:20:56",14366.84
"2017-03-15","09:20:58",14368.14
"2017-03-15","09:21:00",14370.74
"2017-03-15","09:21:02",14366.55
"2017-03-15","09:21:04",14365.26
"2017-03-15","09:21:06",14360.31
"2017-03-15","09:21:08",14360.54
"2017-03-15","09:21:10",14359.36
"2017-03-15","09:21:12",14355.31
"2017-03-15","09:21:14",14359.74
"2017-03-15","09:21:16",14358.08
"2017-03-15","09:21:18",14354.85
"2017-03-15","09:21:20",14351.21
"2017-03-15","09:21:22",14355.38
"2017-03-15","09:21:24",14359.08
"2017-03-15","09:21:26",14355.3
"2017-03-15","09:21:28",14357.7
"2017-03-15","09:21:30",14353.25
"2017-03-15","09:21:32",14356.51
"2017-03-15","09:21:34",14359.37
"2017-03-15","09:21:36",14363.88
"2017-03-15","09:21:38",14370.92
"2017-03-15","09:21:40",14365.16
"2017-03-15","09:21:42",14362.76
"2017-03-15","09:21:44",14368.69
"2017-03-15","09:21:46",14367.39
"2017-03-15","09:21:48",14362.14
"2017-03-15","09:21:50",14359.58
"2017-03-15","09:21:52",14361.53
"2017-03-15","09:21:54",14361.94
"2017-03-15","09:21:56",14355.91
"2017-03-15","09:21:58",14355.27
"2017-03-15","09:22:00",14358.42
"2017-03-15","09:22:02",14355.34
"2017-03-15","09:22:04",14360.69
"2017-03-15","09:22:06",14357.75
"2017-03-15","09:22:08",14355.56
"2017-03-15","09:22:10",14355.58
"2017-03-15","09:22:12",14358.46
"2017-03-15","09:22:14",14358.46
"2017-03-15","09:22:16",14358.6
"2017-03-15","09:22:18",14360.83
"2017-03-15","09:22:20",14363.01
"2017-03-15","09:22:22",14361.69
"2017-03-15","09:22:24",14357.53
"2017-03-15","09:22:26",14357
"2017-03-15","09:22:28",14353.52
"2017-03-15","09:22:30",14350.64
"2017-03-15","09:22:32",14352.76
"2017-03-15","09:22:34",14349.68
"2017-03-15","09:22:36",14350.39
"2017-03-15","09:22:38",14344.83
"2017-03-15","09:22:40",14347.84
"2017-03-15","09:22:42",14344.95
"2017-03-15","09:22:44",14342.45
"2017-03-15","09:22:46",14344.87
"2017-03-15","09:22:48",14344.21
"2017-03-15","09:22:50",14345.96
"2017-03-15","09:22:52",14343.55
"2017-03-15","09:22:54",14341.14
"2017-03-15","09:22:56",14340.71
"2017-03-15","09:22:58",14334.6
"2017-03-15","09:23:00",14333.15
"2017-03-15","09:23:02",14339.28
"2017-03-15","09:23:04",14342.98
"2017-03-15","09:23:06",14339.1
"2017-03-15","09:23:08",14333.43
"2017-03-15","09:23:10",14338.74
"2017-03-15","09:23:12",14334.31
"2017-03-15","09:23:14",14335.37
"2017-03-15","09:23:16",14339.72
"2017-03-15","09:23:18",14339.03
"2017-03-15","09:23:20",14333.24
"2017-03-15","09:23:22",14334.77
"2017-03-15","09:23:24",14335.94
"2017-03-15","09:23:26",14334.34
"2017-03-15","09:23:28",14334.85
"2017-03-15","09:23:30",14336.12
"2017-03-15","09:23:32",14335.4
"2017-03-15","09:23:34",14335.84
"2017-03-15","09:23:36",14334.39
"2017-03-15","09:23:38",14328.28
"2017-03-15","09:23:40",14332.73
"2017-03-15","09:23:42",14330.16
"2017-03-15","09:23:44",14324.16
"2017-03-15","09:23:46",14322.03
"2017-03-15","09:23:48",14325.17
"2017-03-15","09:23:50",14331
"2017-03-15","09:23:52",14330.85
"2017-03-15","09:23:54",14330.01
"2017-03-15","09:23:56",14326.23
"2017-03-15","09:23:58",14328.94
"2017-03-15","09:24:00",14328.86
"2017-03-15","09:24:02",14324.86
"2017-03-15","09:24:04",14331.12
"2017-03-15","09:24:06",14333.61
"2017-03-15","09:24:08",14339.62
"2017-03-15","09:24:10",14342.15
"2017-03-15","09:24:12",14338.26
"2017-03-15","09:24:14",14340.93
"2017-03-15","09:24:16",14343.22
"2017-03-15","09:24:18",14338.91
"2017-03-15","09:24:20",14336.97
"2017-03-15","09:24:22",14335.89
"2017-03-15","09:24:24",14332.02
"2017-03-15","09:24:26",14330.82
"2017-03-15","09:24:28",14335
"2017-03-15","09:24:30",14335.16
"2017-03-15","09:24:32",14337.58
"2017-03-15","09:24:34",14339.08
"2017-03-15","09:24:36",14337.9
"2017-03-15","09:24:38",14338.23
"2017-03-15","09:24:40",14345.53
"2017-03-15","09:24:42",14344.57
"2017-03-15","09:24:44",14346.25
"2017-03-15","09:24:46",14343.46
"2017-03-15","09:24:48",14338.81
"2017-03-15","09:24:50",14338.06
"2017-03-15","09:24:52",14341.85
"2017-03-15","09:24:54",14343.29
"2017-03-15","09:24:56",14340.26
"2017-03-15","09:24:58",14343.85
"2017-03-15","09:25:00",14352.03
"2017-03-15","09:25:02",14351.01
"2017-03-15","09:25:04",14358.38
"2017-03-15","09:25:06",14366.03
"2017-03-15","09:25:08",14365.2
"2017-03-15","09:25:10",14364.17
"2017-03-15","09:25:12",14363.95
"2017-03-15","09:25:14",14359.5
"2017-03-15","09:25:16",14364.01
"2017-03-15","09:25:18",14373.05
"2017-03-15","09:25:20",14368.93
"2017-03-15","09:25:22",14363.1
"2017-03-15","09:25:24",14367.94
"2017-03-15","09:25:26",14368.13
"2017-03-15","09:25:28",14365.66
"2017-03-15","09:25:30",14368.23
"2017-03-15","09:25:32",14370.81
"2017-03-15","09:25:34",14373.43
"2017-03-15","09:25:36",14375.93
"2017-03-15","09:25:38",14376.59
"2017-03-15","09:25:40",14374.69
"2017-03-15","09:25:42",14375.55
"2017-03-15","09:25:44",14376.86
"2017-03-15","09:25:46",14372.14
"2017-03-15","09:25:48",14366.84
"2017-03-15","09:25:50",14372.73
"2017-03-15","09:25:52",14366.77
"2017-03-15","09:25:54",14363.63
"2017-03-15","09:25:56",14362.4
"2017-03-15","09:25:58",14358.02
"2017-03-15","09:26:00",14353.26
"2017-03-15","09:26:02",14351.42
"2017-03-15","09:26:04",14348.78
"2017-03-15","09:26:06",14344.51
"2017-03-15","09:26:08",14340.33
"2017-03-15","09:26:10",14345.45
"2017-03-15","09:26:12",14346.76
"2017-03-15","09:26:14",14342.57
"2017-03-15","09:26:16",14346.78
"2017-03-15","09:26:18",14351.16
"2017-03-15","09:26:20",14351.8
"2017-03-15","09:26:22",14349.22
"2017-03-15","09:26:24",14341.91
"2017-03-15","09:26:26",14339.56
"2017-03-15","09:26:28",14336.97
"2017-03-15","09:26:30",14339.5
"2017-03-15","09:26:32",14338.81
"2017-03-15","09:26:34",14334.9
"2017-03-15","09:26:36",14329.28
"2017-03-15","09:26:38",14332.62
"2017-03-15","09:26:40",14334.34
"2017-03-15","09:26:42",14335.5
"2017-03-15","09:26:44",14329.21
"2017-03-15","09:26:46",14321.32
"2017-03-15","09:26:48",14324.19
"2017-03-15","09:26:50",14320.94
"2017-03-15","09:26:52",14317.14
"2017-03-15","09:26:54",14313.13
"2017-03-15","09:26:56",14319.18
"2017-03-15","09:26:58",14314.5
"2017-03-15","09:27:00",14311.64
"2017-03-15","09:27:02",14308.45
"2017-03-15","09:27:04",14306.36
"2017-03-15","09:27:06",14306.46
"2017-03-15","09:27:08",14306.92
"2017-03-15","09:27:10",14301.68
"2017-03-15","09:27:12",14302.38
"2017-03-15","09:27:14",14299.4
"2017-03-15","09:27:16",14301.09
"2017-03-15","09:27:18",14309.22
"2017-03-15","09:27:20",14305.13
"2017-03-15","09:27:22",14308.56
"2017-03-15","09:27:24",14305.37
"2017-03-15","09:27:26",14301.61
"2017-03-15","09:27:28",14306.67
"2017-03-15","09:27:30",14310.26
"2017-03-15","09:27:32",14312.29
"2017-03-15","09:27:34",14313.21
"2017-03-15","09:27:36",14308.06
"2017-03-15","09:27:38",14310.25
"2017-03-15","09:27:40",14313.16
"2017-03-15","09:27:42",14310.34
"2017-03-15","09:27:44",14307.89
"2017-03-15","09:27:46",14305.41
"2017-03-15","09:27:48",14298.35
"2017-03-15","09:27:50",14303.35
"2017-03-15","09:27:52",14306.54
"2017-03-15","09:27:54",14304.61
"2017-03-15","09:27:56",14300.47
"2017-03-15","09:27:58",14300.44
"2017-03-15","09:28:00",14297.12
"2017-03-15","09:28:02",14290.85
"2017-03-15","09:28:04",14285.5
"2017-03-15","09:28:06",14288.77
"2017-03-15","09:28:08",14284.01
"2017-03-15","09:28:10",14287.87
"2017-03-15","09:28:12",14296.61
"2017-03-15","09:28:14",14294.65
"2017-03-15","09:28:16",14297.41
"2017-03-15","09:28:18",14303.2
"2017-03-15","09:28:20",14299.49
"2017-03-15","09:28:22",14298.66
"2017-03-15","09:28:24",14299.88
"2017-03-15","09:28:26",14298.81
"2017-03-15","09:28:28",14303.63
"2017-03-15","09:28:30",14301.45
"2017-03-15","09:28:32",14293.94
"2017-03-15","09:28:34",14297.35
"2017-03-15","09:28:36",14296.19
"2017-03-15","09:28:38",14297.04
"2017-03-15","09:28:40",14291.56
"2017-03-15","09:28:42",14291.3
"2017-03-15","09:28:44",14293.27
"2017-03-15","09:28:46",14289.34
"2017-03-15","09:28:48",14293.21
"2017-03-15","09:28:50",14295.48
"2017-03-15","09:28:52",14299.3
"2017-03-15","09:28:54",14300.36
"2017-03-15","09:28:56",14302.57
"2017-03-15","09:28:58",14303.47
"2017-03-15","09:29:00",14301.82
"2017-03-15","09:29:02",14303.53
"2017-03-15","09:29:04",14303.88
"2017-03-15","09:29:06",14305.05
"2017-03-15","09:29:08",14302.5
"2017-03-15","09:29:10",14296.74
"2017-03-15","09:29:12",14296.17
"2017-03-15","09:29:14",14294.83
"2017-03-15","09:29:16",14290.91
"2017-03-15","09:29:18",14285.18
"2017-03-15","09:29:20",14280.89
"2017-03-15","09:29:22",14282.76
"2017-03-15","09:29:24",14276.19
"2017-03-15","09:29:26",14277.16
"2017-03-15","09:29:28",14276.22
"2017-03-15","09:29:30",14272.05
"2017-03-15","09:29:32",14270.63
"2017-03-15","09:29:34",14268.78
"2017-03-15","09:29:36",14270.01
"2017-03-15","09:29:38",14271.8
"2017-03-15","09:29:40",14266.85
"2017-03-15","09:29:42",14266.27
"2017-03-15","09:29:44",14264.6
"2017-03-15","09:29:46",14267.32
"2017-03-15","09:29:48",14266.37
"2017-03-15","09:29:50",14267.32
"2017-03-15","09:29:52",14267.53
"2017-03-15","09:29:54",14273.04
"2017-03-15","09:29:56",14275.66
"2017-03-15","09:29:58",14282.99
"2017-03-15","09:30:00",14282.28
"2017-03-15","09:30:02",14280.55
"2017-03-15","09:30:04",14277.38
"2017-03-15","09:30:06",14275.21
"2017-03-15","09:30:08",14273.04
"2017-03-15","09:30:10",14278.01
"2017-03-15","09:30:12",14272.57
"2017-03-15","09:30:14",14279.46
"2017-03-15","09:30:16",14280.41
"2017-03-15","09:30:18",14279.41
"2017-03-15","09:30:20",14279.33
"2017-03-15","09:30:22",14282.68
"2017-03-15","09:30:24",14286.13
"2017-03-15","09:30:26",14290.31
"2017-03-15","09:30:28",14285.67
"2017-03-15","09:30:30",14288.01
"2017-03-15","09:30:32",14286.97
"2017-03-15","09:30:34",14287.73
"2017-03-15","09:30:36",14286.62
"2017-03-15","09:30:38",14284.95
"2017-03-15","09:30:40",14283.13
"2017-03-15","09:30:42",14282.21
"2017-03-15","09:30:44",14283
"2017-03-15","09:30:46",14282.32
"2017-03-15","09:30:48",14278.35
"2017-03-15","09:30:50",14278.65
"2017-03-15","09:30:52",14274.2
"2017-03-15","09:30:54",14269.97
"2017-03-15","09:30:56",14265.85
"2017-03-15","09:30:58",14263.09
"2017-03-15","09:31:00",14265.22
"2017-03-15","09:31:02",14266.69
"2017-03-15","09:31:04",14260.12
"2017-03-15","09:31:06",14257.57
"2017-03-15","09:31:08",14259.05
"2017-03-15","09:31:10",14262.29
"2017-03-15","09:31:12",14264.18
"2017-03-15","09:31:14",14261.33
"2017-03-15","09:31:16",14258.37
"2017-03-15","09:31:18",14257.68
"2017-03-15","09:31:20",14254.56
"2017-03-15","09:31:22",14259.65
"2017-03-15","09:31:24",14256.88
"2017-03-15","09:31:26",14257.32
"2017-03-15","09:31:28",14263.78
"2017-03-15","09:31:30",14263.46
"2017-03-15","09:31:32",14272.75
"2017-03-15","09:31:34",14275.5
"2017-03-15","09:31:36",14271.52
"2017-03-15","09:31:38",14269.24
"2017-03-15","09:31:40",14272.08
"2017-03-15","09:31:42",14272.47
"2017-03-15","09:31:44",14270.1
"2017-03-15","09:31:46",14267.48
"2017-03-15","09:31:48",14266.79
"2017-03-15","09:31:50",14265.94
"2017-03-15","09:31:52",14269.2
"2017-03-15","09:31:54",14272.81
"2017-03-15","09:31:56",14275.62
"2017-03-15","09:31:58",14274.33
"2017-03-15","09:32:00",14275.63
"2017-03-15","09:32:02",14277.21
"2017-03-15","09:32:04",14285.89
"2017-03-15","09:32:06",14285.75
"2017-03-15","09:32:08",14287.71
"2017-03-15","09:32:10",14288.39
"2017-03-15","09:32:12",14283.95
"2017-03-15","09:32:14",14281.75
"2017-03-15","09:32:16",14282.71
"2017-03-15","09:32:18",14278.72
"2017-03-15","09:32:20",14278.66
"2017-03-15","09:32:22",14281.34
"2017-03-15","09:32:24",14285.89
"2017-03-15","09:32:26",14282.68
"2017-03-15","09:32:28",14284
"2017-03-15","09:32:30",14285.47
"2017-03-15","09:32:32",14288.15
"2017-03-15","09:32:34",14289.77
"2017-03-15","09:32:36",14287.96
"2017-03-15","09:32:38",14287.42
"2017-03-15","09:32:40",14288.32
"2017-03-15","09:32:42",14287.19
"2017-03-15","09:32:44",14285.48
"2017-03-15","09:32:46",14284.93
"2017-03-15","09:32:48",14286.9
"2017-03-15","09:32:50",14283.76
"2017-03-15","09:32:52",14286.08
"2017-03-15","09:32:54",14281.89
"2017-03-15","09:32:56",14280.46
"2017-03-15","09:32:58",14277.1
"2017-03-15","09:33:00",14276.4
"2017-03-15","09:33:02",14272.79
"2017-03-15","09:33:04",14274.8
"2017-03-15","09:33:06",14275.93
"2017-03-15","09:33:08",14275.59
"2017-03-15","09:33:10",14281.1
"2017-03-15","09:33:12",14280.64
"2017-03-15","09:33:14",14271.16
"2017-03-15","09:33:16",14270.49
"2017-03-15","09:33:18",14268.87
"2017-03-15","09:33:20",14270.39
"2017-03-15","09:33:22",14270.59
"2017-03-15","09:33:24",14276.42
"2017-03-15","09:33:26",14275.32
"2017-03-15","09:33:28",14277.55
"2017-03-15","09:33:30",14275.91
"2017-03-15","09:33:32",14278.6
"2017-03-15","09:33:34",14275.16
"2017-03-15","09:33:36",14276.33
"2017-03-15","09:33:38",14278.73
"2017-03-15","09:33:40",14280.39
"2017-03-15","09:33:42",14272.29
"2017-03-15","09:33:44",14277.94
"2017-03-15","09:33:46",14279.07
"2017-03-15","09:33:48",14282.86
"2017-03-15","09:33:50",14282.71
"2017-03-15","09:33:52",14289.63
"2017-03-15","09:33:54",14291.7
"2017-03-15","09:33:56",14286.27
"2017-03-15","09:33:58",14284.34
"2017-03-15","09:34:00",14278.92
"2017-03-15","09:34:02",14279.28
"2017-03-15","09:34:04",14287.06
"2017-03-15","09:34:06",14285.38
"2017-03-15","09:34:08",14287.05
"2017-03-15","09:34:10",14292.94
"2017-03-15","09:34:12",14298.41
"2017-03-15","09:34:14",14304.81
"2017-03-15","09:34:16",14306.46
"2017-03-15","09:34:18",14310.87
"2017-03-15","09:34:20",14306.46
"2017-03-15","09:34:22",14313.68
"2017-03-15","09:34:24",14314.49
"2017-03-15","09:34:26",14314.28
"2017-03-15","09:34:28",14313.49
"2017-03-15","09:34:30",14312.04
"2017-03-15","09:34:32",14313.29
"2017-03-15","09:34:34",14311.08
"2017-03-15","09:34:36",14301.02
"2017-03-15","09:34:38",14303.19
"2017-03-15","09:34:40",14303.49
"2017-03-15","09:34:42",14299.31
"2017-03-15","09:34:44",14291.86
"2017-03-15","09:34:46",14293.47
"2017-03-15","09:34:48",14290.61
"2017-03-15","09:34:50",14295.5
"2017-03-15","09:34:52",14295.45
"2017-03-15","09:34:54",14296.05
"2017-03-15","09:34:56",14300.68
"2017-03-15","09:34:58",14301.86
"2017-03-15","09:35:00",14301.78
"2017-03-15","09:35:02",14294.19
"2017-03-15","09:35:04",14296.73
"2017-03-15","09:35:06",14295.37
"2017-03-15","09:35:08",14297.09
"2017-03-15","09:35:10",14292.11
"2017-03-15","09:35:12",14289.79
"2017-03-15","09:35:14",14287.65
"2017-03-15","09:35:16",14289.25
"2017-03-15","09:35:18",14285.26
"2017-03-15","09:35:20",14280.08
"2017-03-15","09:35:22",14284.81
"2017-03-15","09:35:24",14276.91
"2017-03-15","09:35:26",14282.32
"2017-03-15","09:35:28",14280.56
"2017-03-15","09:35:30",14276.87
"2017-03-15","09:35:32",14281.72
"2017-03-15","09:35:34",14282.51
"2017-03-15","09:35:36",14278.01
"2017-03-15","09:35:38",14280.04
"2017-03-15","09:35:40",14281.95
"2017-03-15","09:35:42",14284.45
"2017-03-15","09:35:44",14286.1
"2017-03-15","09:35:46",14282.42
"2017-03-15","09:35:48",14283.63
"2017-03-15","09:35:50",14282.71
"2017-03-15","09:35:52",14274.24
"2017-03-15","09:35:54",14270.88
"2017-03-15","09:35:56",14273.31
"2017-03-15","09:35:58",14274.36
"2017-03-15","09:36:00",14275.77
"2017-03-15","09:36:02",14272.79
"2017-03-15","09:36:04",14267.73
"2017-03-15","09:36:06",14263.41
"2017-03-15","09:36:08",14266.57
"2017-03-15","09:36:10",14267.6
"2017-03-15","09:36:12",14267.13
"2017-03-15","09:36:14",14259.67
"2017-03-15","09:36:16",14261.9
"2017-03-15","09:36:18",14268.58
"2017-03-15","09:36:20",14272.49
"2017-03-15","09:36:22",14268.51
"2017-03-15","09:36:24",14264.23
"2017-03-15","09:36:26",14264.67
"2017-03-15","09:36:28",14263.87
"2017-03-15","09:36:30",14261.14
"2017-03-15","09:36:32",14263.3
"2017-03-15","09:36:34",14269.24
"2017-03-15","09:36:36",14271.1
"2017-03-15","09:36:38",14267.39
"2017-03-15","09:36:40",14271.83
"2017-03-15","09:36:42",14269.23
"2017-03-15","09:36:44",14267.41
"2017-03-15","09:36:46",14273.63
"2017-03-15","09:36:48",14275.43
"2017-03-15","09:36:50",14272.65
"2017-03-15","09:36:52",14275.59
"2017-03-15","09:36:54",14271.37
"2017-03-15","09:36:56",14270.55
"2017-03-15","09:36:58",14278.87
"2017-03-15","09:37:00",14285.29
"2017-03-15","09:37:02",14290.53
"2017-03-15","09:37:04",14290.31
"2017-03-15","09:37:06",14291.02
"2017-03-15","09:37:08",14296.08
"2017-03-15","09:37:10",14296.13
"2017-03-15","09:37:12",14298.32
"2017-03-15","09:37:14",14295.84
"2017-03-15","09:37:16",14303.13
"2017-03-15","09:37:18",14300.96
"2017-03-15","09:37:20",14300.06
"2017-03-15","09:37:22",14301.1
"2017-03-15","09:37:24",14295.08
"2017-03-15","09:37:26",14295.11
"2017-03-15","09:37:28",14296.58
"2017-03-15","09:37:30",14292.51
"2017-03-15","09:37:32",14290.96
"2017-03-15","09:37:34",14295.69
"2017-03-15","09:37:36",14292.85
"2017-03-15","09:37:38",14291.03
"2017-03-15","09:37:40",14287.2
"2017-03-15","09:37:42",14282.18
"2017-03-15","09:37:44",14289.73
"2017-03-15","09:37:46",14293.57
"2017-03-15","09:37:48",14297.71
"2017-03-15","09:37:50",14305.58
"2017-03-15","09:37:52",14301.51
"2017-03-15","09:37:54",14303.25
"2017-03-15","09:37:56",14307.78
"2017-03-15","09:37:58",14311.13
"2017-03-15","09:38:00",14313.33
"2017-03-15","09:38:02",14314.37
"2017-03-15","09:38:04",14312.89
"2017-03-15","09:38:06",14315.89
"2017-03-15","09:38:08",14314.28
"2017-03-15","09:38:10",14313.24
"2017-03-15","09:38:12",14313.42
"2017-03-15","09:38:14",14312.81
"2017-03-15","09:38:16",14320.19
"2017-03-15","09:38:18",14321.19
"2017-03-15","09:38:20",14321.1
"2017-03-15","09:38:22",14322.03
"2017-03-15","09:38:24",14321.41
"2017-03-15","09:38:26",14316.01
"2017-03-15","09:38:28",14318.54
"2017-03-15","09:38:30",14321.33
"2017-03-15","09:38:32",14322.14
"2017-03-15","09:38:34",14323.6
"2017-03-15","09:38:36",14330.86
"2017-03-15","09:38:38",14328.65
"2017-03-15","09:38:40",14326.72
"2017-03-15","09:38:42",14329.56
"2017-03-15","09:38:44",14331.55
"2017-03-15","09:38:46",14333.16
"2017-03-15","09:38:48",14330.31
"2017-03-15","09:38:50",14332.63
"2017-03-15","09:38:52",14330.52
"2017-03-15","09:38:54",14327.05
"2017-03-15","09:38:56",14330.76
"2017-03-15","09:38:58",14336.29
"2017-03-15","09:39:00",14343.44
"2017-03-15","09:39:02",14341.14
"2017-03-15","09:39:04",14339.38
"2017-03-15","09:39:06",14333.91
"2017-03-15","09:39:08",14330.22
"2017-03-15","09:39:10",14331.89
"2017-03-15","09:39:12",14332.35
"2017-03-15","09:39:14",14325.17
"2017-03-15","09:39:16",14328.04
"2017-03-15","09:39:18",14326.25
"2017-03-15","09:39:20",14321.99
"2017-03-15","09:39:22",14317.81
"2017-03-15","09:39:24",14314.09
"2017-03-15","09:39:26",14312.12
"2017-03-15","09:39:28",14313.78
"2017-03-15","09:39:30",14310.67
"2017-03-15","09:39:32",14310.45
"2017-03-15","09:39:34",14300.42
"2017-03-15","09:39:36",14294.44
"2017-03-15","09:39:38",14294.47
"2017-03-15","09:39:40",14295.06
"2017-03-15","09:39:42",14297.14
"2017-03-15","09:39:44",14300.03
"2017-03-15","09:39:46",14304.16
"2017-03-15","09:39:48",14295.51
"2017-03-15","09:39:50",14289.53
"2017-03-15","09:39:52",14286.82
"2017-03-15","09:39:54",14293.45
"2017-03-15","09:39:56",14292.13
"2017-03-15","09:39:58",14287.98
"2017-03-15","09:40:00",14277.78
"2017-03-15","09:40:02",14286.37
"2017-03-15","09:40:04",14282.21
"2017-03-15","09:40:06",14287.28
"2017-03-15","09:40:08",14286.05
"2017-03-15","09:40:10",14281.92
"2017-03-15","09:40:12",14280.34
"2017-03-15","09:40:14",14286.99
"2017-03-15","09:40:16",14294.2
"2017-03-15","09:40:18",14286.95
"2017-03-15","09:40:20",14291.35
"2017-03-15","09:40:22",14290.58
"2017-03-15","09:40:24",14289.82
"2017-03-15","09:40:26",14290.5
"2017-03-15","09:40:28",14292.54
"2017-03-15","09:40:30",14295
"2017-03-15","09:40:32",14297.61
"2017-03-15","09:40:34",14295.51
"2017-03-15","09:40:36",14299.98
"2017-03-15","09:40:38",14302.14
"2017-03-15","09:40:40",14300.02
"2017-03-15","09:40:42",14301.82
"2017-03-15","09:40:44",14299.84
"2017-03-15","09:40:46",14308.26
"2017-03-15","09:40:48",14309.79
"2017-03-15","09:40:50",14312.36
"2017-03-15","09:40:52",14314.44
"2017-03-15","09:40:54",14310.36
"2017-03-15","09:40:56",14312.99
"2017-03-15","09:40:58",14311.88
"2017-03-15","09:41:00",14312.95
"2017-03-15","09:41:02",14309.53
"2017-03-15","09:41:04",14311.36
"2017-03-15","09:41:06",14311.28
"2017-03-15","09:41:08",14312.01
"2017-03-15","09:41:10",14317.01
"2017-03-15","09:41:12",14310.13
"2017-03-15","09:41:14",14308.05
"2017-03-15","09:41:16",14313.31
"2017-03-15","09:41:18",14313.3
"2017-03-15","09:41:20",14311.88
"2017-03-15","09:41:22",14306.01
"2017-03-15","09:41:24",14310.57
"2017-03-15","09:41:26",14317.13
"2017-03-15","09:41:28",14316.04
"2017-03-15","09:41:30",14316.73
"2017-03-15","09:41:32",14313.47
"2017-03-15","09:41:34",14321.77
"2017-03-15","09:41:36",14325.64
"2017-03-15","09:41:38",14323.69
"2017-03-15","09:41:40",14322.08
"2017-03-15","09:41:42",14316.05
"2017-03-15","09:41:44",14318.78
"2017-03-15","09:41:46",14320.84
"2017-03-15","09:41:48",14326.62
"2017-03-15","09:41:50",14322.34
"2017-03-15","09:41:52",14321.62
"2017-03-15","09:41:54",14328.15
"2017-03-15","09:41:56",14326.76
"2017-03-15","09:41:58",14325.92
"2017-03-15","09:42:00",14327.88
"2017-03-15","09:42:02",14327.09
"2017-03-15","09:42:04",14329.58
"2017-03-15","09:42:06",14328.52
"2017-03-15","09:42:08",14331.24
"2017-03-15","09:42:10",14331.76
"2017-03-15","09:42:12",14337.22
"2017-03-15","09:42:14",14335.3
"2017-03-15","09:42:16",14340.73
"2017-03-15","09:42:18",14344.02
"2017-03-15","09:42:20",14344.86
"2017-03-15","09:42:22",14343.4
"2017-03-15","09:42:24",14342.26
"2017-03-15","09:42:26",14341.2
"2017-03-15","09:42:28",14340.86
"2017-03-15","09:42:30",14348.3
"2017-03-15","09:42:32",14355.06
"2017-03-15","09:42:34",14354.64
"2017-03-15","09:42:36",14355.23
"2017-03-15","09:42:38",14351.86
"2017-03-15","09:42:40",14353.38
"2017-03-15","09:42:42",14355.01
"2017-03-15","09:42:44",14354.88
"2017-03-15","09:42:46",14351.75
"2017-03-15","09:42:48",14351.03
"2017-03-15","09:42:50",14354.24
"2017-03-15","09:42:52",14350.31
"2017-03-15","09:42:54",14354.26
"2017-03-15","09:42:56",14349.34
"2017-03-15","09:42:58",14348.24
"2017-03-15","09:43:00",14351.21
"2017-03-15","09:43:02",14351.24
"2017-03-15","09:43:04",14349.47
"2017-03-15","09:43:06",14347.11
"2017-03-15","09:43:08",14344.43
"2017-03-15","09:43:10",14344.38
"2017-03-15","09:43:12",14345.05
"2017-03-15","09:43:14",14346.17
"2017-03-15","09:43:16",14348.51
"2017-03-15","09:43:18",14347.39
"2017-03-15","09:43:20",14345.36
"2017-03-15","09:43:22",14343.34
"2017-03-15","09:43:24",14344.3
"2017-03-15","09:43:26",14339.86
"2017-03-15","09:43:28",14339
"2017-03-15","09:43:30",14341.65
"2017-03-15","09:43:32",14344.12
"2017-03-15","09:43:34",14349.21
"2017-03-15","09:43:36",14349.77
"2017-03-15","09:43:38",14344.75
"2017-03-15","09:43:40",14341.01
"2017-03-15","09:43:42",14337.4
"2017-03-15","09:43:44",14340.83
"2017-03-15","09:43:46",14346.26
"2017-03-15","09:43:48",14340.5
"2017-03-15","09:43:50",14338.43
"2017-03-15","09:43:52",14336.67
"2017-03-15","09:43:54",14333.49
"2017-03-15","09:43:56",14332.26
"2017-03-15","09:43:58",14331.29
"2017-03-15","09:44:00",14335.12
"2017-03-15","09:44:02",14338.64
"2017-03-15","09:44:04",14339
"2017-03-15","09:44:06",14333.04
"2017-03-15","09:44:08",14336.44
"2017-03-15","09:44:10",14333.82
"2017-03-15","09:44:12",14331.84
"2017-03-15","09:44:14",14335.82
"2017-03-15","09:44:16",14339.47
"2017-03-15","09:44:18",14338.34
"2017-03-15","09:44:20",14337.55
"2017-03-15","09:44:22",14335.09
"2017-03-15","09:44:24",14337.22
"2017-03-15","09:44:26",14341.69
"2017-03-15","09:44:28",14343.74
"2017-03-15","09:44:30",14336.02
"2017-03-15","09:44:32",14329.51
"2017-03-15","09:44:34",14328.96
"2017-03-15","09:44:36",14325.8
"2017-03-15","09:44:38",14328.85
"2017-03-15","09:44:40",14328.94
"2017-03-15","09:44:42",14322.88
"2017-03-15","09:44:44",14325.23
"2017-03-15","09:44:46",14323.13
"2017-03-15","09:44:48",14325.2
"2017-03-15","09:44:50",14330.4
"2017-03-15","09:44:52",14327.75
"2017-03-15","09:44:54",14335.01
"2017-03-15","09:44:56",14336.62
"2017-03-15","09:44:58",14342.84
"2017-03-15","09:45:00",14340.18
"2017-03-15","09:45:02",14332.38
"2017-03-15","09:45:04",14328.66
"2017-03-15","09:45:06",14330.43
"2017-03-15","09:45:08",14332.94
"2017-03-15","09:45:10",14333.38
"2017-03-15","09:45:12",14337.35
"2017-03-15","09:45:14",14331.51
"2017-03-15","09:45:16",14326.36
"2017-03-15","09:45:18",14324.86
"2017-03-15","09:45:20",14324.81
"2017-03-15","09:45:22",14327.05
"2017-03-15","09:45:24",14333.04
"2017-03-15","09:45:26",14329.79
"2017-03-15","09:45:28",14330.2
"2017-03-15","09:45:30",14331.79
"2017-03-15","09:45:32",14337.78
"2017-03-15","09:45:34",14340.23
"2017-03-15","09:45:36",14338.42
"2017-03-15","09:45:38",14342.34
"2017-03-15","09:45:40",14339.32
"2017-03-15","09:45:42",14339.75
"2017-03-15","09:45:44",14341.73
"2017-03-15","09:45:46",14344.26
"2017-03-15","09:45:48",14341.06
"2017-03-15","09:45:50",14343.14
"2017-03-15","09:45:52",14341.83
"2017-03-15","09:45:54",14337.85
"2017-03-15","09:45:56",14335.16
"2017-03-15","09:45:58",14334.41
"2017-03-15","09:46:00",14342.28
"2017-03-15","09:46:02",14338
"2017-03-15","09:46:04",14339.64
"2017-03-15","09:46:06",14338.62
"2017-03-15","09:46:08",14335.6
"2017-03-15","09:46:10",14339.46
"2017-03-15","09:46:12",14344.2
"2017-03-15","09:46:14",14343.15
"2017-03-15","09:46:16",14344.61
"2017-03-15","09:46:18",14344.79
"2017-03-15","09:46:20",14340.97
"2017-03-15","09:46:22",14342.93
"2017-03-15","09:46:24",14344.81
"2017-03-15","09:46:26",14342.54
"2017-03-15","09:46:28",14342.29
"2017-03-15","09:46:30",14340.49
"2017-03-15","09:46:32",14341.68
"2017-03-15","09:46:34",14341.89
"2017-03-15","09:46:36",14343.74
"2017-03-15","09:46:38",14342.58
"2017-03-15","09:46:40",14349.68
"2017-03-15","09:46:42",14348.34
"2017-03-15","09:46:44",14349.28
"2017-03-15","09:46:46",14345.94
"2017-03-15","09:46:48",14348.7
"2017-03-15","09:46:50",14356.14
"2017-03-15","09:46:52",14363.75
"2017-03-15","09:46:54",14360.35
"2017-03-15","09:46:56",14358.26
"2017-03-15","09:46:58",14356.76
"2017-03-15","09:47:00",14360.44
"2017-03-15","09:47:02",14360.01
"2017-03-15","09:47:04",14353.04
"2017-03-15","09:47:06",14345.95
"2017-03-15","09:47:08",14348.47
"2017-03-15","09:47:10",14337.42
"2017-03-15","09:47:12",14340.34
"2017-03-15","09:47:14",14348.21
"2017-03-15","09:47:16",14345.11
"2017-03-15","09:47:18",14350.18
"2017-03-15","09:47:20",14348.74
"2017-03-15","09:47:22",14349.87
"2017-03-15","09:47:24",14349.9
"2017-03-15","09:47:26",14353.88
"2017-03-15","09:47:28",14357.6
"2017-03-15","09:47:30",14365.08
"2017-03-15","09:47:32",14358.6
"2017-03-15","09:47:34",14354.1
"2017-03-15","09:47:36",14352.24
"2017-03-15","09:47:38",14354.62
"2017-03-15","09:47:40",14355.72
"2017-03-15","09:47:42",14353.28
"2017-03-15","09:47:44",14355.8
"2017-03-15","09:47:46",14347.48
"2017-03-15","09:47:48",14345.41
"2017-03-15","09:47:50",14345.21
"2017-03-15","09:47:52",14340.8
"2017-03-15","09:47:54",14346.23
"2017-03-15","09:47:56",14347.64
"2017-03-15","09:47:58",14343.98
"2017-03-15","09:48:00",14345.86
"2017-03-15","09:48:02",14347.25
"2017-03-15","09:48:04",14348.46
"2017-03-15","09:48:06",14348.93
"2017-03-15","09:48:08",14350.88
"2017-03-15","09:48:10",14346.1
"2017-03-15","09:48:12",14346.25
"2017-03-15","09:48:14",14347.78
"2017-03-15","09:48:16",14347.28
"2017-03-15","09:48:18",14349.88
"2017-03-15","09:48:20",14345.69
"2017-03-15","09:48:22",14351.02
"2017-03-15","09:48:24",14350.67
"2017-03-15","09:48:26",14348.15
"2017-03-15","09:48:28",14351.68
"2017-03-15","09:48:30",14347.47
"2017-03-15","09:48:32",14353.09
"2017-03-15","09:48:34",14352.62
"2017-03-15","09:48:36",14347.35
"2017-03-15","09:48:38",14343.89
"2017-03-15","09:48:40",14345.64
"2017-03-15","09:48:42",14345.48
"2017-03-15","09:48:44",14347.01
"2017-03-15","09:48:46",14345.98
"2017-03-15","09:48:48",14349.11
"2017-03-15","09:48:50",14351.44
"2017-03-15","09:48:52",14352.51
"2017-03-15","09:48:54",14348.94
"2017-03-15","09:48:56",14351.97
"2017-03-15","09:48:58",14359.04
"2017-03-15","09:49:00",14362.65
"2017-03-15","09:49:02",14360.78
"2017-03-15","09:49:04",14354.19
"2017-03-15","09:49:06",14359.12
"2017-03-15","09:49:08",14356.04
"2017-03-15","09:49:10",14357.29
"2017-03-15","09:49:12",14359.17
"2017-03-15","09:49:14",14364.24
"2017-03-15","09:49:16",14361.46
"2017-03-15","09:49:18",14362.75
"2017-03-15","09:49:20",14365.82
"2017-03-15","09:49:22",14364.07
"2017-03-15","09:49:24",14363.65
"2017-03-15","09:49:26",14361.8
"2017-03-15","09:49:28",14363.33
"2017-03-15","09:49:30",14361.98
"2017-03-15","09:49:32",14361.44
"2017-03-15","09:49:34",14359.01
"2017-03-15","09:49:36",14354.75
"2017-03-15","09:49:38",14358.89
"2017-03-15","09:49:40",14356.73
"2017-03-15","09:49:42",14364.11
"2017-03-15","09:49:44",14366.97
"2017-03-15","09:49:46",14368.56
"2017-03-15","09:49:48",14361.13
"2017-03-15","09:49:50",14358.9
"2017-03-15","09:49:52",14362.83
"2017-03-15","09:49:54",14365.39
"2017-03-15","09:49:56",14362.76
"2017-03-15","09:49:58",14354.44
"2017-03-15","09:50:00",14353.93
"2017-03-15","09:50:02",14352.08
"2017-03-15","09:50:04",14357.11
"2017-03-15","09:50:06",14358.41
"2017-03-15","09:50:08",14358.17
"2017-03-15","09:50:10",14361.18
"2017-03-15","09:50:12",14362.21
"2017-03-15","09:50:14",14358.62
"2017-03-15","09:50:16",14359.22
"2017-03-15","09:50:18",14359.37
"2017-03-15","09:50:20",14359.46
"2017-03-15","09:50:22",14361.36
"2017-03-15","09:50:24",14364.39
"2017-03-15","09:50:26",14362.94
"2017-03-15","09:50:28",14365.63
"2017-03-15","09:50:30",14365.97
"2017-03-15","09:50:32",14365.91
"2017-03-15","09:50:34",14369.37
"2017-03-15","09:50:36",14363.36
"2017-03-15","09:50:38",14361.88
"2017-03-15","09:50:40",14366.53
"2017-03-15","09:50:42",14364
"2017-03-15","09:50:44",14361.83
"2017-03-15","09:50:46",14363.23
"2017-03-15","09:50:48",14359.78
"2017-03-15","09:50:50",14351.24
"2017-03-15","09:50:52",14351.39
"2017-03-15","09:50:54",14354.07
"2017-03-15","09:50:56",14352.76
"2017-03-15","09:50:58",14353.26
"2017-03-15","09:51:00",14353.98
"2017-03-15","09:51:02",14353.63
"2017-03-15","09:51:04",14355.67
"2017-03-15","09:51:06",14353.17
"2017-03-15","09:51:08",14352.75
"2017-03-15","09:51:10",14351.59
"2017-03-15","09:51:12",14352.66
"2017-03-15","09:51:14",14351.45
"2017-03-15","09:51:16",14346.86
"2017-03-15","09:51:18",14350.18
"2017-03-15","09:51:20",14349.61
"2017-03-15","09:51:22",14349.4
"2017-03-15","09:51:24",14346.58
"2017-03-15","09:51:26",14341.89
"2017-03-15","09:51:28",14349.35
"2017-03-15","09:51:30",14348.1
"2017-03-15","09:51:32",14353.01
"2017-03-15","09:51:34",14352.88
"2017-03-15","09:51:36",14360.89
"2017-03-15","09:51:38",14355.59
"2017-03-15","09:51:40",14352.54
"2017-03-15","09:51:42",14353.51
"2017-03-15","09:51:44",14352.21
"2017-03-15","09:51:46",14353
"2017-03-15","09:51:48",14353.03
"2017-03-15","09:51:50",14357.55
"2017-03-15","09:51:52",14363.78
"2017-03-15","09:51:54",14360.94
"2017-03-15","09:51:56",14362.22
"2017-03-15","09:51:58",14360.24
"2017-03-15","09:52:00",14364.02
"2017-03-15","09:52:02",14365.59
"2017-03-15","09:52:04",14360
"2017-03-15","09:52:06",14354.05
"2017-03-15","09:52:08",14353.67
"2017-03-15","09:52:10",14354.69
"2017-03-15","09:52:12",14359.98
"2017-03-15","09:52:14",14358.92
"2017-03-15","09:52:16",14357.9
"2017-03-15","09:52:18",14352.71
"2017-03-15","09:52:20",14357.41
"2017-03-15","09:52:22",14358.54
"2017-03-15","09:52:24",14356.24
"2017-03-15","09:52:26",14354.25
"2017-03-15","09:52:28",14352.12
"2017-03-15","09:52:30",14358.53
"2017-03-15","09:52:32",14352.27
"2017-03-15","09:52:34",14343.24
"2017-03-15","09:52:36",14339.28
"2017-03-15","09:52:38",14341.03
"2017-03-15","09:52:40",14343.19
"2017-03-15","09:52:42",14341.55
"2017-03-15","09:52:44",14330.15
"2017-03-15","09:52:46",14330.13
"2017-03-15","09:52:48",14327.53
"2017-03-15","09:52:50",14331.55
"2017-03-15","09:52:52",14334.01
"2017-03-15","09:52:54",14331.73
"2017-03-15","09:52:56",14329.35
"2017-03-15","09:52:58",14326.72
"2017-03-15","09:53:00",14331.98
"2017-03-15","09:53:02",14335.12
"2017-03-15","09:53:04",14334.03
"2017-03-15","09:53:06",14332.66
"2017-03-15","09:53:08",14332.12
"2017-03-15","09:53:10",14327.96
"2017-03-15","09:53:12",14331.73
"2017-03-15","09:53:14",14333.75
"2017-03-15","09:53:16",14340.13
"2017-03-15","09:53:18",14340.54
"2017-03-15","09:53:20",14345.74
"2017-03-15","09:53:22",14349.1
"2017-03-15","09:53:24",14352.7
"2017-03-15","09:53:26",14354.89
"2017-03-15","09:53:28",14354.31
"2017-03-15","09:53:30",14354.12
"2017-03-15","09:53:32",14349.09
"2017-03-15","09:53:34",14348.91
"2017-03-15","09:53:36",14349.76
"2017-03-15","09:53:38",14350.99
"2017-03-15","09:53:40",14360.14
"2017-03-15","09:53:42",14361.32
"2017-03-15","09:53:44",14365.56
"2017-03-15","09:53:46",14359.25
"2017-03-15","09:53:48",14357.68
"2017-03-15","09:53:50",14352.05
"2017-03-15","09:53:52",14353.52
"2017-03-15","09:53:54",14353.77
"2017-03-15","09:53:56",14354.23
"2017-03-15","09:53:58",14352.44
"2017-03-15","09:54:00",14349.45
"2017-03-15","09:54:02",14351.14
"2017-03-15","09:54:04",14356.9
"2017-03-15","09:54:06",14354.03
"2017-03-15","09:54:08",14352.64
"2017-03-15","09:54:10",14349.91
"2017-03-15","09:54:12",14346.68
"2017-03-15","09:54:14",14348.84
"2017-03-15","09:54:16",14347.49
"2017-03-15","09:54:18",14345.9
"2017-03-15","09:54:20",14342.08
"2017-03-15","09:54:22",14341.94
"2017-03-15","09:54:24",14342.65
"2017-03-15","09:54:26",14345.56
"2017-03-15","09:54:28",14343.96
"2017-03-15","09:54:30",14342
"2017-03-15","09:54:32",14341.57
"2017-03-15","09:54:34",14341.14
"2017-03-15","09:54:36",14339.59
"2017-03-15","09:54:38",14342.92
"2017-03-15","09:54:40",14346.98
"2017-03-15","09:54:42",14345.5
"2017-03-15","09:54:44",14336.75
"2017-03-15","09:54:46",14339.03
"2017-03-15","09:54:48",14336.9
"2017-03-15","09:54:50",14333.92
"2017-03-15","09:54:52",14331.64
"2017-03-15","09:54:54",14339.11
"2017-03-15","09:54:56",14340.83
"2017-03-15","09:54:58",14338.71
"2017-03-15","09:55:00",14334.37
"2017-03-15","09:55:02",14332.62
"2017-03-15","09:55:04",14331.89
"2017-03-15","09:55:06",14334.94
"2017-03-15","09:55:08",14337.97
"2017-03-15","09:55:10",14338.95
"2017-03-15","09:55:12",14334.33
"2017-03-15","09:55:14",14335.18
"2017-03-15","09:55:16",14337.97
"2017-03-15","09:55:18",14337.13
"2017-03-15","09:55:20",14338.68
"2017-03-15","09:55:22",14341.89
"2017-03-15","09:55:24",14342.29
"2017-03-15","09:55:26",14343.9
"2017-03-15","09:55:28",14340.8
"2017-03-15","09:55:30",14340.53
"2017-03-15","09:55:32",14347.33
"2017-03-15","09:55:34",14340.89
"2017-03-15","09:55:36",14342.08
"2017-03-15","09:55:38",14345.47
"2017-03-15","09:55:40",14345.05
"2017-03-15","09:55:42",14350.02
"2017-03-15","09:55:44",14343.55
"2017-03-15","09:55:46",14346.06
"2017-03-15","09:55:48",14349.58
"2017-03-15","09:55:50",14349.01
"2017-03-15","09:55:52",14350.2
"2017-03-15","09:55:54",14345.75
"2017-03-15","09:55:56",14344.8
"2017-03-15","09:55:58",14344.39
"2017-03-15","09:56:00",14348.88
"2017-03-15","09:56:02",14353.55
"2017-03-15","09:56:04",14351.78
"2017-03-15","09:56:06",14347.96
"2017-03-15","09:56:08",14351.46
"2017-03-15","09:56:10",14353.72
"2017-03-15","09:56:12",14350.39
"2017-03-15","09:56:14",14346.26
"2017-03-15","09:56:16",14344.43
"2017-03-15","09:56:18",14349.24
"2017-03-15","09:56:20",14345.26
"2017-03-15","09:56:22",14345.57
"2017-03-15","09:56:24",14344.02
"2017-03-15","09:56:26",14344.22
"2017-03-15","09:56:28",14341.32
"2017-03-15","09:56:30",14339.76
"2017-03-15","09:56:32",14349.17
"2017-03-15","09:56:34",14342.66
"2017-03-15","09:56:36",14345.84
"2017-03-15","09:56:38",14350.18
"2017-03-15","09:56:40",14348.11
"2017-03-15","09:56:42",14347.44
"2017-03-15","09:56:44",14351.92
"2017-03-15","09:56:46",14348.91
"2017-03-15","09:56:48",14348.26
"2017-03-15","09:56:50",14350.38
"2017-03-15","09:56:52",14351.14
"2017-03-15","09:56:54",14344.23
"2017-03-15","09:56:56",14336.83
"2017-03-15","09:56:58",14328.41
"2017-03-15","09:57:00",14331.15
"2017-03-15","09:57:02",14329.8
"2017-03-15","09:57:04",14330.2
"2017-03-15","09:57:06",14335.13
"2017-03-15","09:57:08",14335.16
"2017-03-15","09:57:10",14341.59
"2017-03-15","09:57:12",14343.49
"2017-03-15","09:57:14",14340.3
"2017-03-15","09:57:16",14340.26
"2017-03-15","09:57:18",14343.89
"2017-03-15","09:57:20",14328.94
"2017-03-15","09:57:22",14329.95
"2017-03-15","09:57:24",14330.87
"2017-03-15","09:57:26",14327.1
"2017-03-15","09:57:28",14327.64
"2017-03-15","09:57:30",14327.52
"2017-03-15","09:57:32",14321.27
"2017-03-15","09:57:34",14321.21
"2017-03-15","09:57:36",14317.32
"2017-03-15","09:57:38",14319.38
"2017-03-15","09:57:40",14315.96
"2017-03-15","09:57:42",14315.07
"2017-03-15","09:57:44",14317.79
"2017-03-15","09:57:46",14315.63
"2017-03-15","09:57:48",14316.11
"2017-03-15","09:57:50",14317.11
"2017-03-15","09:57:52",14314.12
"2017-03-15","09:57:54",14323.78
"2017-03-15","09:57:56",14325.54
"2017-03-15","09:57:58",14324.19
"2017-03-15","09:58:00",14322.39
"2017-03-15","09:58:02",14318.95
"2017-03-15","09:58:04",14317.67
"2017-03-15","09:58:06",14324.23
"2017-03-15","09:58:08",14320.88
"2017-03-15","09:58:10",14323.32
"2017-03-15","09:58:12",14321.53
"2017-03-15","09:58:14",14323.78
"2017-03-15","09:58:16",14328.71
"2017-03-15","09:58:18",14329.67
"2017-03-15","09:58:20",14326.32
"2017-03-15","09:58:22",14325.8
"2017-03-15","09:58:24",14324.51
"2017-03-15","09:58:26",14322.93
"2017-03-15","09:58:28",14323.75
"2017-03-15","09:58:30",14327.76
"2017-03-15","09:58:32",14326.52
"2017-03-15","09:58:34",14319.36
"2017-03-15","09:58:36",14314.64
"2017-03-15","09:58:38",14319.88
"2017-03-15","09:58:40",14321.48
"2017-03-15","09:58:42",14323.5
"2017-03-15","09:58:44",14323.71
"2017-03-15","09:58:46",14320.41
"2017-03-15","09:58:48",14318.2
"2017-03-15","09:58:50",14322.63
"2017-03-15","09:58:52",14328.59
"2017-03-15","09:58:54",14325.36
"2017-03-15","09:58:56",14326.77
"2017-03-15","09:58:58",14326.97
"2017-03-15","09:59:00",14327.49
"2017-03-15","09:59:02",14327.66
"2017-03-15","09:59:04",14332.44
"2017-03-15","09:59:06",14325.59
"2017-03-15","09:59:08",14329.67
"2017-03-15","09:59:10",14326.19
"2017-03-15","09:59:12",14327.93
"2017-03-15","09:59:14",14325.32
"2017-03-15","09:59:16",14329.67
"2017-03-15","09:59:18",14329.14
"2017-03-15","09:59:20",14330.86
"2017-03-15","09:59:22",14326.7
"2017-03-15","09:59:24",14325.88
"2017-03-15","09:59:26",14327.8
"2017-03-15","09:59:28",14323.41
"2017-03-15","09:59:30",14323.89
"2017-03-15","09:59:32",14321.87
"2017-03-15","09:59:34",14330.1
"2017-03-15","09:59:36",14324.72
"2017-03-15","09:59:38",14330.12
"2017-03-15","09:59:40",14328.66
"2017-03-15","09:59:42",14328.69
"2017-03-15","09:59:44",14325.63
"2017-03-15","09:59:46",14333.96
"2017-03-15","09:59:48",14337.82
"2017-03-15","09:59:50",14338.09
"2017-03-15","09:59:52",14339.87
"2017-03-15","09:59:54",14343.22
"2017-03-15","09:59:56",14339.13
"2017-03-15","09:59:58",14344.37
"2017-03-15","10:00:00",14342.95
"2017-03-15","10:00:02",14353.94
"2017-03-15","10:00:04",14356.97
"2017-03-15","10:00:06",14355.83
"2017-03-15","10:00:08",14353.23
"2017-03-15","10:00:10",14351.47
"2017-03-15","10:00:12",14349.08
"2017-03-15","10:00:14",14346.77
"2017-03-15","10:00:16",14349.23
"2017-03-15","10:00:18",14350.93
"2017-03-15","10:00:20",14353.37
"2017-03-15","10:00:22",14350.74
"2017-03-15","10:00:24",14353.02
"2017-03-15","10:00:26",14355.13
"2017-03-15","10:00:28",14356.04
"2017-03-15","10:00:30",14349.2
"2017-03-15","10:00:32",14344.5
"2017-03-15","10:00:34",14342.38
"2017-03-15","10:00:36",14337.27
"2017-03-15","10:00:38",14341.78
"2017-03-15","10:00:40",14349.9
"2017-03-15","10:00:42",14344.05
"2017-03-15","10:00:44",14343.31
"2017-03-15","10:00:46",14341.53
"2017-03-15","10:00:48",14343.83
"2017-03-15","10:00:50",14339.1
"2017-03-15","10:00:52",14332.94
"2017-03-15","10:00:54",14325.69
"2017-03-15","10:00:56",14320.11
"2017-03-15","10:00:58",14319.49
"2017-03-15","10:01:00",14319.7
"2017-03-15","10:01:02",14319.32
"2017-03-15","10:01:04",14318.68
"2017-03-15","10:01:06",14317.6
"2017-03-15","10:01:08",14317.57
"2017-03-15","10:01:10",14319.13
"2017-03-15","10:01:12",14317.65
"2017-03-15","10:01:14",14312.43
"2017-03-15","10:01:16",14309.54
"2017-03-15","10:01:18",14307.87
"2017-03-15","10:01:20",14308.58
"2017-03-15","10:01:22",14308.28
"2017-03-15","10:01:24",14307.69
"2017-03-15","10:01:26",14301.44
"2017-03-15","10:01:28",14305.05
"2017-03-15","10:01:30",14308.52
"2017-03-15","10:01:32",14302.7
"2017-03-15","10:01:34",14305.27
"2017-03-15","10:01:36",14298.76
"2017-03-15","10:01:38",14298.16
"2017-03-15","10:01:40",14298.7
"2017-03-15","10:01:42",14293.64
"2017-03-15","10:01:44",14299.11
"2017-03-15","10:01:46",14299.3
"2017-03-15","10:01:48",14303.11
"2017-03-15","10:01:50",14296.47
"2017-03-15","10:01:52",14298.14
"2017-03-15","10:01:54",14300.16
"2017-03-15","10:01:56",14298.22
"2017-03-15","10:01:58",14297.42
"2017-03-15","10:02:00",14296.59
"2017-03-15","10:02:02",14304.47
"2017-03-15","10:02:04",14303.04
"2017-03-15","10:02:06",14304.69
"2017-03-15","10:02:08",14306.27
"2017-03-15","10:02:10",14305.63
"2017-03-15","10:02:12",14305.2
"2017-03-15","10:02:14",14310.33
"2017-03-15","10:02:16",14317.89
"2017-03-15","10:02:18",14320.38
"2017-03-15","10:02:20",14317.5
"2017-03-15","10:02:22",14315.19
"2017-03-15","10:02:24",14317.7
"2017-03-15","10:02:26",14316.56
"2017-03-15","10:02:28",14316.24
"2017-03-15","10:02:30",14321.99
"2017-03-15","10:02:32",14320.91
"2017-03-15","10:02:34",14323.49
"2017-03-15","10:02:36",14319.43
"2017-03-15","10:02:38",14322.02
"2017-03-15","10:02:40",14318.23
"2017-03-15","10:02:42",14314.26
"2017-03-15","10:02:44",14317.65
"2017-03-15","10:02:46",14318.93
"2017-03-15","10:02:48",14316.72
"2017-03-15","10:02:50",14307.94
"2017-03-15","10:02:52",14305.88
"2017-03-15","10:02:54",14310.57
"2017-03-15","10:02:56",14311.58
"2017-03-15","10:02:58",14311.03
"2017-03-15","10:03:00",14307.85
"2017-03-15","10:03:02",14308.2
"2017-03-15","10:03:04",14305.15
"2017-03-15","10:03:06",14310.14
"2017-03-15","10:03:08",14307.06
"2017-03-15","10:03:10",14311.64
"2017-03-15","10:03:12",14310.43
"2017-03-15","10:03:14",14310.27
"2017-03-15","10:03:16",14310.87
"2017-03-15","10:03:18",14311.77
"2017-03-15","10:03:20",14315.6
"2017-03-15","10:03:22",14318.31
"2017-03-15","10:03:24",14319.61
"2017-03-15","10:03:26",14321.38
"2017-03-15","10:03:28",14322.44
"2017-03-15","10:03:30",14322.46
"2017-03-15","10:03:32",14325.52
"2017-03-15","10:03:34",14320.45
"2017-03-15","10:03:36",14314.42
"2017-03-15","10:03:38",14314.59
"2017-03-15","10:03:40",14318.57
"2017-03-15","10:03:42",14314.74
"2017-03-15","10:03:44",14312.4
"2017-03-15","10:03:46",14311.46
"2017-03-15","10:03:48",14314.84
"2017-03-15","10:03:50",14317.69
"2017-03-15","10:03:52",14312.93
"2017-03-15","10:03:54",14317.62
"2017-03-15","10:03:56",14323.5
"2017-03-15","10:03:58",14327.85
"2017-03-15","10:04:00",14325.39
"2017-03-15","10:04:02",14324.3
"2017-03-15","10:04:04",14328.38
"2017-03-15","10:04:06",14330.67